Datetime,Water Level (m)
2025-03-19 06:00:00,-0.50875103
2025-03-19 07:00:00,-0.18603484
2025-03-19 08:00:00,0.15913437
2025-03-19 09:00:00,0.45528525
2025-03-19 10:00:00,0.529994
2025-03-19 11:00:00,0.3663699
2025-03-19 12:00:00,0.13367073
2025-03-19 13:00:00,-0.123470984
2025-03-19 14:00:00,-0.37388682
2025-03-19 15:00:00,-0.59746236
2025-03-19 16:00:00,-0.761236
2025-03-19 17:00:00,-0.6903699
2025-03-19 18:00:00,-0.45663366
2025-03-19 19:00:00,-0.16794132
2025-03-19 20:00:00,0.13522992
2025-03-19 21:00:00,0.3486994
2025-03-19 22:00:00,0.33612478
2025-03-19 23:00:00,0.12982464
2025-03-20 00:00:00,-0.11027181
2025-03-20 01:00:00,-0.355041
2025-03-20 02:00:00,-0.58751047
2025-03-20 03:00:00,-0.8003224
2025-03-20 04:00:00,-0.95741504
2025-03-20 05:00:00,-0.9239441
2025-03-20 06:00:00,-0.7019065
2025-03-20 07:00:00,-0.4179971
2025-03-20 08:00:00,-0.0821675
2025-03-20 09:00:00,0.23446915
2025-03-20 10:00:00,0.4213472
2025-03-20 11:00:00,0.36091644
2025-03-20 12:00:00,0.16519918
2025-03-20 13:00:00,-0.07317299
2025-03-20 14:00:00,-0.3034903
2025-03-20 15:00:00,-0.5098017
2025-03-20 16:00:00,-0.66687566
2025-03-20 17:00:00,-0.6778192
2025-03-20 18:00:00,-0.4939514
2025-03-20 19:00:00,-0.27577454
2025-03-20 20:00:00,-0.030003527
2025-03-20 21:00:00,0.17193392
2025-03-20 22:00:00,0.25881818
2025-03-20 23:00:00,0.1380225
2025-03-21 00:00:00,-0.0615056
2025-03-21 01:00:00,-0.28341937
2025-03-21 02:00:00,-0.50089884
2025-03-21 03:00:00,-0.70375705
2025-03-21 04:00:00,-0.86897665
2025-03-21 05:00:00,-0.9294108
2025-03-21 06:00:00,-0.75492626
2025-03-21 07:00:00,-0.53362125
2025-03-21 08:00:00,-0.25306633
2025-03-21 09:00:00,0.0016863613
2025-03-21 10:00:00,0.24395257
2025-03-21 11:00:00,0.32847998
2025-03-21 12:00:00,0.20601119
2025-03-21 13:00:00,0.020326205
2025-03-21 14:00:00,-0.17913151
2025-03-21 15:00:00,-0.3634017
2025-03-21 16:00:00,-0.51363844
2025-03-21 17:00:00,-0.6034608
2025-03-21 18:00:00,-0.55247253
2025-03-21 19:00:00,-0.4060017
2025-03-21 20:00:00,-0.23219222
2025-03-21 21:00:00,-0.065860525
2025-03-21 22:00:00,0.041216906
2025-03-21 23:00:00,0.018784562
2025-03-22 00:00:00,-0.12115179
2025-03-22 01:00:00,-0.29670358
2025-03-22 02:00:00,-0.48319414
2025-03-22 03:00:00,-0.6622987
2025-03-22 04:00:00,-0.8132956
2025-03-22 05:00:00,-0.89921755
2025-03-22 06:00:00,-0.8228616
2025-03-22 07:00:00,-0.66272205
2025-03-22 08:00:00,-0.4508089
2025-03-22 09:00:00,-0.2190469
2025-03-22 10:00:00,-0.008347883
2025-03-22 11:00:00,0.1725345
2025-03-22 12:00:00,0.24492864
2025-03-22 13:00:00,0.16501755
2025-03-22 14:00:00,0.0125924945
2025-03-22 15:00:00,-0.1528709
2025-03-22 16:00:00,-0.30632323
2025-03-22 17:00:00,-0.4375302
2025-03-22 18:00:00,-0.52481556
2025-03-22 19:00:00,-0.52045226
2025-03-22 20:00:00,-0.40779415
2025-03-22 21:00:00,-0.28323412
2025-03-22 22:00:00,-0.1674121
2025-03-22 23:00:00,-0.093690954
2025-03-23 00:00:00,-0.09467229
2025-03-23 01:00:00,-0.18314517
2025-03-23 02:00:00,-0.3036775
2025-03-23 03:00:00,-0.42998922
2025-03-23 04:00:00,-0.55489296
2025-03-23 05:00:00,-0.6688352
2025-03-23 06:00:00,-0.7498804
2025-03-23 07:00:00,-0.74742126
2025-03-23 08:00:00,-0.6289307
2025-03-23 09:00:00,-0.4602407
2025-03-23 10:00:00,-0.25639004
2025-03-23 11:00:00,-0.043487042
2025-03-23 12:00:00,0.14501068
2025-03-23 13:00:00,0.24916174
2025-03-23 14:00:00,0.2422901
2025-03-23 15:00:00,0.11952325
2025-03-23 16:00:00,-0.03488299
2025-03-23 17:00:00,-0.19760197
2025-03-23 18:00:00,-0.35506293
2025-03-23 19:00:00,-0.49292555
2025-03-23 20:00:00,-0.5965135
2025-03-23 21:00:00,-0.6429798
2025-03-23 22:00:00,-0.5704596
2025-03-23 23:00:00,-0.44422573
2025-03-24 00:00:00,-0.2968141
2025-03-24 01:00:00,-0.1665421
2025-03-24 02:00:00,-0.09968937
2025-03-24 03:00:00,-0.13739048
2025-03-24 04:00:00,-0.2467013
2025-03-24 05:00:00,-0.38000965
2025-03-24 06:00:00,-0.5154525
2025-03-24 07:00:00,-0.6406412
2025-03-24 08:00:00,-0.7326427
2025-03-24 09:00:00,-0.7358931
2025-03-24 10:00:00,-0.60824203
2025-03-24 11:00:00,-0.42816502
2025-03-24 12:00:00,-0.20086844
2025-03-24 13:00:00,0.016578164
2025-03-24 14:00:00,0.24853407
2025-03-24 15:00:00,0.38132426
2025-03-24 16:00:00,0.35757786
2025-03-24 17:00:00,0.20250204
2025-03-24 18:00:00,0.007371361
2025-03-24 19:00:00,-0.19773898
2025-03-24 20:00:00,-0.39613983
2025-03-24 21:00:00,-0.5724114
2025-03-24 22:00:00,-0.7021689
2025-03-24 23:00:00,-0.7073456
2025-03-25 00:00:00,-0.5407476
2025-03-25 01:00:00,-0.33922112
2025-03-25 02:00:00,-0.1196927
2025-03-25 03:00:00,0.058538444
2025-03-25 04:00:00,0.11873897
2025-03-25 05:00:00,0.02055004
2025-03-25 06:00:00,-0.1417416
